{"type":"LSTMTimeStep","options":{"inputSize":1,"hiddenLayers":[10],"outputSize":1,"learningRate":0.01,"decayRate":0.999,"smoothEps":1e-8,"regc":0.000001,"clipval":5},"hiddenLayers":[{"inputMatrix":{"rows":10,"columns":1,"weights":{"0":1.6744178533554077,"1":-0.02038864605128765,"2":0.7733955383300781,"3":0.5568007826805115,"4":-0.7508457899093628,"5":0.7630978226661682,"6":-0.6468002796173096,"7":0.2141336053609848,"8":-0.930397093296051,"9":0.7251324653625488}},"inputHidden":{"rows":10,"columns":10,"weights":{"0":1.03227961063385,"1":0.22746950387954712,"2":0.7305706739425659,"3":0.6884462237358093,"4":0.35479408502578735,"5":-1.0877705812454224,"6":0.24567528069019318,"7":0.5996993780136108,"8":0.05962581932544708,"9":-0.956569254398346,"10":-1.3804734945297241,"11":-0.13811799883842468,"12":-0.6717084646224976,"13":-0.4040309488773346,"14":0.1121935248374939,"15":0.6607236862182617,"16":0.060751400887966156,"17":-0.08132849633693695,"18":-0.19737359881401062,"19":0.6996989250183105,"20":-0.28714102506637573,"21":0.6029334664344788,"22":-0.15751251578330994,"23":-0.18507394194602966,"24":0.5620596408843994,"25":0.2036043256521225,"26":0.5492916107177734,"27":0.6174296736717224,"28":-0.4807370901107788,"29":0.07993602007627487,"30":-0.05115721374750137,"31":0.5251952409744263,"32":-0.09522992372512817,"33":0.06539986282587051,"34":0.6819192171096802,"35":0.22747942805290222,"36":0.615389883518219,"37":0.48747721314430237,"38":-0.5771753787994385,"39":0.19302691519260406,"40":-0.006899174302816391,"41":-0.5739932060241699,"42":0.08590321242809296,"43":0.10111230611801147,"44":-0.6094574332237244,"45":-0.0619143545627594,"46":-0.5908007025718689,"47":-0.4884471297264099,"48":0.3413798213005066,"49":-0.09772224724292755,"50":0.542790412902832,"51":-0.021127227693796158,"52":0.519862711429596,"53":0.5607813596725464,"54":-0.05499120056629181,"55":-0.63319331407547,"56":-0.041188646107912064,"57":0.1072884276509285,"58":0.15190085768699646,"59":-0.6812350749969482,"60":-0.034630149602890015,"61":-0.5054225325584412,"62":0.0018339004600420594,"63":0.07150018215179443,"64":-0.6173216700553894,"65":0.0010211147600784898,"66":-0.5602799654006958,"67":-0.5355182886123657,"68":0.3549520671367645,"69":-0.1091933622956276,"70":-0.7435407638549805,"71":-0.0005771272117272019,"72":-0.6620115637779236,"73":-0.4984392523765564,"74":0.12907208502292633,"75":0.2852596342563629,"76":0.08482544869184494,"77":0.1583329439163208,"78":-0.14139336347579956,"79":0.4756668210029602,"80":0.03652867302298546,"81":-0.49548593163490295,"82":0.1258976310491562,"83":0.13710302114486694,"84":-0.5665215849876404,"85":-0.09246934205293655,"86":-0.47770142555236816,"87":-0.4277089536190033,"88":0.4436628222465515,"89":-0.03095095232129097,"90":0.5119014978408813,"91":-0.0099641690030694,"92":0.5019776821136475,"93":0.5258615612983704,"94":-0.029925405979156494,"95":-0.559579610824585,"96":-0.058398906141519547,"97":0.07928822189569473,"98":0.15842455625534058,"99":-0.6398662328720093}},"inputBias":{"rows":10,"columns":1,"weights":{"0":-0.3741038143634796,"1":-0.10898783802986145,"2":-0.3181629478931427,"3":-0.3767406940460205,"4":-0.2079981416463852,"5":-0.3728483319282532,"6":-0.19802135229110718,"7":-0.19655366241931915,"8":-0.19733574986457825,"9":-0.34904950857162476}},"forgetMatrix":{"rows":10,"columns":1,"weights":{"0":1.2755837440490723,"1":0.030906252562999725,"2":0.48642951250076294,"3":0.4747547507286072,"4":-0.6640777587890625,"5":0.21324940025806427,"6":-0.7211760878562927,"7":0.3143710196018219,"8":-0.7801902294158936,"9":0.24903099238872528}},"forgetHidden":{"rows":10,"columns":10,"weights":{"0":0.7022185921669006,"1":0.06778879463672638,"2":0.5125067830085754,"3":0.553122341632843,"4":-0.021935680881142616,"5":-0.913490891456604,"6":-0.03375589847564697,"7":0.31087246537208557,"8":0.21034613251686096,"9":-0.7667239308357239,"10":-0.6841029524803162,"11":-0.04341600462794304,"12":-0.2644093632698059,"13":-0.2577665448188782,"14":0.31281229853630066,"15":0.6132309436798096,"16":0.33241793513298035,"17":0.025132935494184494,"18":-0.3037959039211273,"19":0.5989795327186584,"20":-0.2087603062391281,"21":0.529927134513855,"22":-0.19687475264072418,"23":-0.13312116265296936,"24":0.47405219078063965,"25":0.1840648055076599,"26":0.3918122351169586,"27":0.4563697278499603,"28":-0.2364996373653412,"29":0.29444167017936707,"30":-0.21678990125656128,"31":0.23171170055866241,"32":-0.23355603218078613,"33":-0.14885200560092926,"34":0.4764472544193268,"35":0.375401109457016,"36":0.4772755801677704,"37":0.29310908913612366,"38":-0.40218859910964966,"39":0.23999178409576416,"40":0.21548958122730255,"41":-0.3701956868171692,"42":0.20906281471252441,"43":0.2480972707271576,"44":-0.41083982586860657,"45":-0.21692198514938354,"46":-0.33897915482521057,"47":-0.3935636878013611,"48":0.3596435487270355,"49":-0.13455596566200256,"50":0.23214048147201538,"51":-0.15641367435455322,"52":0.22701427340507507,"53":0.3380166292190552,"54":-0.3099268078804016,"55":-0.31649377942085266,"56":-0.2409253567457199,"57":-0.1588222235441208,"58":0.26905736327171326,"59":-0.2516348958015442,"60":0.10270944237709045,"61":-0.4120478332042694,"62":0.17655783891677856,"63":0.26880812644958496,"64":-0.460448682308197,"65":-0.13017302751541138,"66":-0.43774887919425964,"67":-0.34583166241645813,"68":0.39016062021255493,"69":-0.1224324181675911,"70":-0.5228298902511597,"71":0.12001915276050568,"72":-0.3334019184112549,"73":-0.1824396848678589,"74":0.3043327033519745,"75":0.23706595599651337,"76":0.3624507784843445,"77":0.13920162618160248,"78":-0.346434086561203,"79":0.3640724718570709,"80":0.2643739581108093,"81":-0.3694862425327301,"82":0.33734628558158875,"83":0.35055679082870483,"84":-0.2596690058708191,"85":-0.1988643854856491,"86":-0.4057665467262268,"87":-0.34468966722488403,"88":0.35766851902008057,"89":-0.2653605341911316,"90":0.16398707032203674,"91":-0.2976798415184021,"92":0.24278931319713593,"93":0.4636174142360687,"94":-0.29375043511390686,"95":-0.28759345412254333,"96":-0.2464846670627594,"97":-0.14909042418003082,"98":0.37773269414901733,"99":-0.35276055335998535}},"forgetBias":{"rows":10,"columns":1,"weights":{"0":0,"1":0,"2":0,"3":0,"4":0,"5":0,"6":0,"7":0,"8":0,"9":0}},"outputMatrix":{"rows":10,"columns":1,"weights":{"0":1.1914403438568115,"1":-0.04099847376346588,"2":0.7128841876983643,"3":0.4846983551979065,"4":-0.6027594804763794,"5":0.49027881026268005,"6":-0.7393843531608582,"7":0.18391714990139008,"8":-0.8897926807403564,"9":0.4917393922805786}},"outputHidden":{"rows":10,"columns":10,"weights":{"0":0.4259105622768402,"1":-0.015046495012938976,"2":0.28461435437202454,"3":0.43482422828674316,"4":0.040301598608493805,"5":-0.8311269879341125,"6":-0.04649955779314041,"7":0.4685872197151184,"8":0.25161445140838623,"9":-0.8114264607429504,"10":-1.2875572443008423,"11":-0.18834719061851501,"12":-0.6561422348022461,"13":-0.393146276473999,"14":0.06256081163883209,"15":0.7918263673782349,"16":0.009968006983399391,"17":-0.10697976499795914,"18":-0.07505433261394501,"19":0.7460964918136597,"20":-0.30023545026779175,"21":0.5256462097167969,"22":-0.18115073442459106,"23":-0.1784772276878357,"24":0.4858463406562805,"25":0.2044799029827118,"26":0.4418661594390869,"27":0.6400842070579529,"28":-0.43470942974090576,"29":0.1028023511171341,"30":-0.05813514441251755,"31":0.5045012831687927,"32":-0.08045343309640884,"33":0.029246138408780098,"34":0.5919203162193298,"35":0.11642604321241379,"36":0.6449234485626221,"37":0.4721197187900543,"38":-0.6023968458175659,"39":0.251875638961792,"40":-0.02708355337381363,"41":-0.527925968170166,"42":0.018245652318000793,"43":0.02879972755908966,"44":-0.622596025466919,"45":-0.03598498925566673,"46":-0.4878842234611511,"47":-0.6162436604499817,"48":0.3740118443965912,"49":-0.0970335602760315,"50":0.4038935899734497,"51":-0.042159296572208405,"52":0.40457987785339355,"53":0.4980630874633789,"54":0.00953071191906929,"55":-0.5988823175430298,"56":-0.128911092877388,