{"type":"LSTMTimeStep","options":{"inputSize":1,"hiddenLayers":[10],"outputSize":1,"learningRate":0.01,"decayRate":0.999,"smoothEps":1e-8,"regc":0.000001,"clipval":5},"hiddenLayers":[{"inputMatrix":{"rows":10,"columns":1,"weights":{"0":0.811907172203064,"1":0.48332029581069946,"2":-0.8033196926116943,"3":-0.6256515383720398,"4":0.32294973731040955,"5":-0.7529659867286682,"6":0.7870145440101624,"7":-0.6772632002830505,"8":0.6374993920326233,"9":0.7907139658927917}},"inputHidden":{"rows":10,"columns":10,"weights":{"0":-0.7114201188087463,"1":0.5539562106132507,"2":-0.1363091617822647,"3":0.16208548843860626,"4":0.6682838797569275,"5":0.07818438857793808,"6":-0.21353767812252045,"7":-0.16898615658283234,"8":0.6379727721214294,"9":0.5408362746238708,"10":0.35148027539253235,"11":-0.051648467779159546,"12":0.4933876395225525,"13":-0.4591406285762787,"14":0.34694933891296387,"15":-0.5509936213493347,"16":-0.28155839443206787,"17":0.26664555072784424,"18":-0.14711043238639832,"19":-0.2649120092391968,"20":-0.19050967693328857,"21":0.05553518608212471,"22":-0.3992089331150055,"23":0.4755009114742279,"24":0.2090349644422531,"25":0.35808175802230835,"26":0.4922489523887634,"27":-0.41132673621177673,"28":0.1829625815153122,"29":0.13294292986392975,"30":-0.11396560072898865,"31":0.1471927911043167,"32":-0.5064448714256287,"33":0.46575090289115906,"34":0.10443391650915146,"35":0.4645339846611023,"36":0.2972906529903412,"37":-0.47652897238731384,"38":0.1826539933681488,"39":0.04630425572395325,"40":0.06320249289274216,"41":0.08926956355571747,"42":0.48478204011917114,"43":-0.5146827697753906,"44":0.12869574129581451,"45":-0.4709458351135254,"46":-0.33596566319465637,"47":0.5625177621841431,"48":0.2010209560394287,"49":0.10118149220943451,"50":-0.09129534661769867,"51":0.04125265032052994,"52":-0.35191836953163147,"53":0.3730829656124115,"54":0.16402629017829895,"55":0.3536646366119385,"56":0.40081799030303955,"57":-0.5298640131950378,"58":0.12206165492534637,"59":0.14021962881088257,"60":0.209726020693779,"61":-0.038094356656074524,"62":0.2298870086669922,"63":-0.15284466743469238,"64":0.0009759797248989344,"65":-0.36110156774520874,"66":-0.20617718994617462,"67":0.19684264063835144,"68":-0.14122121036052704,"69":-0.12704914808273315,"70":0.03642534092068672,"71":-0.18830840289592743,"72":-0.4832742214202881,"73":0.4590979814529419,"74":-0.0005907267332077026,"75":0.5807409882545471,"76":0.49468252062797546,"77":-0.6057779788970947,"78":-0.24810712039470673,"79":-0.1855027675628662,"80":0.1512412577867508,"81":0.011018230579793453,"82":0.3277975618839264,"83":-0.2468678206205368,"84":0.5033186674118042,"85":-0.48040881752967834,"86":-0.42275771498680115,"87":0.294899582862854,"88":0.10520298779010773,"89":0.03709087520837784,"90":0.07288939505815506,"91":-0.014203441329300404,"92":0.42680585384368896,"93":-0.375793993473053,"94":0.14410600066184998,"95":-0.4090349078178406,"96":-0.46505630016326904,"97":0.5268265604972839,"98":0.016470013186335564,"99":-0.13239982724189758}},"inputBias":{"rows":10,"columns":1,"weights":{"0":-0.30651044845581055,"1":-0.3306155204772949,"2":-0.21303436160087585,"3":-0.2527974545955658,"4":-0.2990255355834961,"5":-0.21574357151985168,"6":-0.12024222314357758,"7":-0.3065440058708191,"8":-0.2762138545513153,"9":-0.2739773690700531}},"forgetMatrix":{"rows":10,"columns":1,"weights":{"0":0.46415331959724426,"1":0.2365274280309677,"2":-0.5758523344993591,"3":-0.5747765898704529,"4":0.2641274631023407,"5":-0.6802104711532593,"6":1.0014065504074097,"7":-0.7084100246429443,"8":0.3318845331668854,"9":0.3000626564025879}},"forgetHidden":{"rows":10,"columns":10,"weights":{"0":-0.43417179584503174,"1":0.2846601605415344,"2":-0.26389211416244507,"3":0.26012906432151794,"4":0.5307148694992065,"5":0.265217125415802,"6":0.1412605345249176,"7":-0.3372577130794525,"8":0.18205326795578003,"9":0.2751263678073883,"10":0.40359365940093994,"11":-0.29069697856903076,"12":0.3523206412792206,"13":-0.29445087909698486,"14":0.11352839320898056,"15":-0.2798902094364166,"16":-0.027951182797551155,"17":0.0814809575676918,"18":-0.36855843663215637,"19":-0.28940144181251526,"20":-0.2845727503299713,"21":0.3225535750389099,"22":-0.37770378589630127,"23":0.37903591990470886,"24":0.24582061171531677,"25":0.3234536647796631,"26":0.32402417063713074,"27":-0.2831488847732544,"28":0.2910151779651642,"29":0.2326764166355133,"30":-0.20124778151512146,"31":0.16684092581272125,"32":-0.30594438314437866,"33":0.37089523673057556,"34":0.35056063532829285,"35":0.3882578909397125,"36":0.2782984673976898,"37":-0.30391600728034973,"38":0.20135164260864258,"39":0.2794634699821472,"40":0.19108164310455322,"41":0.010780359618365765,"42":0.3949488699436188,"43":-0.4012933075428009,"44":-0.0011922919657081366,"45":-0.32839030027389526,"46":-0.07972714304924011,"47":0.426103413105011,"48":0.02787058800458908,"49":-0.008463319391012192,"50":-0.2990722358226776,"51":0.2940613329410553,"52":-0.30723434686660767,"53":0.2556493282318115,"54":0.3294229209423065,"55":0.364454060792923,"56":0.3634131848812103,"57":-0.33299556374549866,"58":0.3234875500202179,"59":0.24258975684642792,"60":0.3932332694530487,"61":-0.08850088715553284,"62":0.4161849021911621,"63":-0.2652302086353302,"64":0.013537425547838211,"65":-0.38830506801605225,"66":-0.06486712396144867,"67":0.2966502606868744,"68":-0.020629560574889183,"69":-0.08123239129781723,"70":0.015069874003529549,"71":-0.048557624220848083,"72":-0.3056933581829071,"73":0.305539608001709,"74":0.12970320880413055,"75":0.3091652989387512,"76":0.4461553692817688,"77":-0.4124548137187958,"78":-0.12910588085651398,"79":-0.013758017681539059,"80":0.3173520565032959,"81":-0.16224506497383118,"82":0.1879294067621231,"83":-0.1282172054052353,"84":0.2291896641254425,"85":-0.26398715376853943,"86":0.0974045917391777,"87":0.0065769231878221035,"88":-0.270760178565979,"89":-0.2514510452747345,"90":0.3520869314670563,"91":-0.3668625056743622,"92":0.34252864122390747,"93":-0.25668007135391235,"94":-0.04087045043706894,"95":-0.36137259006500244,"96":-0.035029519349336624,"97":0.22318845987319946,"98":-0.2929879128932953,"99":-0.28612831234931946}},"forgetBias":{"rows":10,"columns":1,"weights":{"0":0,"1":0,"2":0,"3":0,"4":0,"5":0,"6":0,"7":0,"8":0,"9":0}},"outputMatrix":{"rows":10,"columns":1,"weights":{"0":0.6413359642028809,"1":0.496250718832016,"2":-0.8399108648300171,"3":-0.8218368291854858,"4":0.33014416694641113,"5":-0.8115981817245483,"6":0.7268739938735962,"7":-0.6892139911651611,"8":0.4672625958919525,"9":0.5493074059486389}},"outputHidden":{"rows":10,"columns":10,"weights":{"0":-0.7069067358970642,"1":0.6046530604362488,"2":-0.12281980365514755,"3":0.26268303394317627,"4":0.7468383312225342,"5":0.12520919740200043,"6":-0.18991786241531372,"7":-0.11536416411399841,"8":0.5422733426094055,"9":0.5903015732765198,"10":0.25822708010673523,"11":-0.10793399810791016,"12":0.5003054141998291,"13":-0.5492515563964844,"14":0.2294018715620041,"15":-0.5385584235191345,"16":-0.16577346622943878,"17":0.36922487616539,"18":-0.29169076681137085,"19":-0.2916557788848877,"20":-0.12220287322998047,"21":0.09742286801338196,"22":-0.36529654264450073,"23":0.4154761731624603,"24":0.10980857908725739,"25":0.4006587564945221,"26":0.486941397190094,"27":-0.5016605854034424,"28":0.053149979561567307,"29":0.06910981982946396,"30":-0.10109762102365494,"31":0.06220246106386185,"32":-0.4722973108291626,"33":0.4134363830089569,"34":0.17913788557052612,"35":0.44807884097099304,"36":0.3566069006919861,"37":-0.5532718300819397,"38":0.03332151100039482,"39":0.04785428196191788,"40":0.06768783926963806,"41":0.1804976761341095,"42":0.5357668399810791,"43":-0.6675016283988953,"44":0.20334947109222412,"45":-0.5323480367660522,"46":-0.29871413111686707,"47":0.4962564706802368,"48":0.11592321842908859,"49":0.035094182938337326,"50":-0.04827449843287468,"51":0.09664787352085114,"52":-0.3725198805332184,"53":0.44597217440605164,"54":0.15968145430088043,"55":0.4680025577545166,"56":0.5613734722137451,