{"type":"LSTMTimeStep","options":{"inputSize":1,"hiddenLayers":[10],"outputSize":1,"learningRate":0.01,"decayRate":0.999,"smoothEps":1e-8,"regc":0.000001,"clipval":5},"hiddenLayers":[{"inputMatrix":{"rows":10,"columns":1,"weights":{"0":-0.79265958070755,"1":0.3140503764152527,"2":0.8505983948707581,"3":-0.6741917133331299,"4":-0.6054110527038574,"5":1.1516016721725464,"6":0.47430041432380676,"7":0.3274866044521332,"8":0.6524153351783752,"9":-0.14166173338890076}},"inputHidden":{"rows":10,"columns":10,"weights":{"0":0.1929529309272766,"1":0.21714571118354797,"2":-0.5650296807289124,"3":0.46939679980278015,"4":0.4526924788951874,"5":0.09111259877681732,"6":0.4306780993938446,"7":-0.38264191150665283,"8":0.16536934673786163,"9":-0.20687299966812134,"10":0.03706567361950874,"11":-0.2667989730834961,"12":0.2855015993118286,"13":-0.07806599885225296,"14":-0.08272279798984528,"15":0.5826317071914673,"16":-0.27381542325019836,"17":0.26801741123199463,"18":-0.2557886242866516,"19":0.38067594170570374,"20":-0.6825041770935059,"21":0.5054933428764343,"22":0.06037337705492973,"23":-0.675753116607666,"24":-0.5508766770362854,"25":0.16568401455879211,"26":0.20508116483688354,"27":-0.19513723254203796,"28":0.2332085818052292,"29":-0.8642935156822205,"30":0.4577385485172272,"31":0.08749981969594955,"32":-0.3102121651172638,"33":0.41838470101356506,"34":0.4568485915660858,"35":-0.06461957842111588,"36":0.051894500851631165,"37":-0.07146863639354706,"38":0.15784317255020142,"39":-0.5300835967063904,"40":0.491191565990448,"41":0.07145442813634872,"42":-0.2660563886165619,"43":0.4757902920246124,"44":0.5141974091529846,"45":0.03738098591566086,"46":0.07961471378803253,"47":-0.0470082126557827,"48":0.15994451940059662,"49":-0.5963999629020691,"50":-1.107970952987671,"51":0.03577980771660805,"52":-0.08533839136362076,"53":-0.6463700532913208,"54":-0.6570983529090881,"55":-0.15822505950927734,"56":0.25342538952827454,"57":-0.05846741423010826,"58":-0.04846453666687012,"59":-0.8265393376350403,"60":0.03712686151266098,"61":-0.5484773516654968,"62":1.0661144256591797,"63":-0.436227023601532,"64":-0.4252018332481384,"65":0.9586119055747986,"66":-0.27813830971717834,"67":0.5881770849227905,"68":-0.547920823097229,"69":-1.1562491655349731,"70":0.183529794216156,"71":-0.09379477798938751,"72":0.35640618205070496,"73":-0.30509838461875916,"74":-0.254397988319397,"75":0.43755075335502625,"76":-0.3086686432361603,"77":0.26217135787010193,"78":-0.18410077691078186,"79":0.4494062066078186,"80":-0.006936566438525915,"81":0.11180955916643143,"82":-0.4340536296367645,"83":-0.15708303451538086,"84":-0.1436018943786621,"85":0.02637191116809845,"86":-0.03080432303249836,"87":-0.015575877390801907,"88":0.36540713906288147,"89":0.7784078121185303,"90":0.30022719502449036,"91":-1.607041597366333,"92":0.7211158871650696,"93":0.2631399631500244,"94":0.2917502820491791,"95":0.19292312860488892,"96":-1.8592694997787476,"97":1.4448120594024658,"98":-1.5488710403442383,"99":-1.038655161857605}},"inputBias":{"rows":10,"columns":1,"weights":{"0":-0.17735271155834198,"1":-0.45967257022857666,"2":-0.23771263659000397,"3":-0.3207230567932129,"4":-0.32441937923431396,"5":-0.3339799642562866,"6":-0.38961493968963623,"7":-0.3681093752384186,"8":-0.36187809705734253,"9":-0.41000744700431824}},"forgetMatrix":{"rows":10,"columns":1,"weights":{"0":-0.7206928133964539,"1":0.1280883103609085,"2":0.7757530808448792,"3":-0.6595980525016785,"4":-0.6116524934768677,"5":1.1902377605438232,"6":0.3004826605319977,"7":0.20115406811237335,"8":0.5130298733711243,"9":-0.1495136171579361}},"forgetHidden":{"rows":10,"columns":10,"weights":{"0":0.2597414255142212,"1":0.3501630127429962,"2":-0.409150093793869,"3":0.33617138862609863,"4":0.3622082769870758,"5":0.1916528344154358,"6":0.3502790331840515,"7":-0.3567937910556793,"8":0.31873366236686707,"9":-0.25998181104660034,"10":0.1364169865846634,"11":-0.18502700328826904,"12":0.20516376197338104,"13":-0.13264097273349762,"14":-0.07851752638816833,"15":0.3486020565032959,"16":-0.11294468492269516,"17":0.19492413103580475,"18":-0.23114119470119476,"19":0.2071157991886139,"20":-0.28745967149734497,"21":0.49266329407691956,"22":-0.053462862968444824,"23":-0.4391123354434967,"24":-0.240764781832695,"25":0.0377473421394825,"26":0.3976476788520813,"27":-0.3510163724422455,"28":0.47379589080810547,"29":-0.34906935691833496,"30":0.3846699595451355,"31":0.2919605076313019,"32":-0.19105097651481628,"33":0.3987905979156494,"34":0.4341229200363159,"35":0.22482267022132874,"36":0.2481449991464615,"37":-0.2597157657146454,"38":0.1825452446937561,"39":-0.2649846076965332,"40":0.3191872239112854,"41":0.17014245688915253,"42":-0.16131912171840668,"43":0.3875296115875244,"44":0.425028532743454,"45":0.07815299928188324,"46":0.2364751398563385,"47":-0.19443762302398682,"48":0.17937274277210236,"49":-0.2792189121246338,"50":-1.1222167015075684,"51":0.298639178276062,"52":0.028077885508537292,"53":-0.5923629403114319,"54":-0.5478774309158325,"55":-0.31788259744644165,"56":0.5153524875640869,"57":-0.26982855796813965,"58":0.18048329651355743,"59":-0.9656729102134705,"60":-0.0051795560866594315,"61":-0.176263689994812,"62":0.7120260000228882,"63":-0.09792177379131317,"64":-0.08705764263868332,"65":0.798682451248169,"66":-0.17262504994869232,"67":0.23860816657543182,"68":-0.37617728114128113,"69":-0.34239661693573,"70":0.11328494548797607,"71":-0.07018362730741501,"72":0.17408323287963867,"73":-0.19390538334846497,"74":-0.16159658133983612,"75":0.37191396951675415,"76":-0.12165497988462448,"77":0.05242152139544487,"78":-0.05452705919742584,"79":0.1332983523607254,"80":0.07152225822210312,"81":-0.0663243904709816,"82":-0.49683845043182373,"83":-0.16005253791809082,"84":-0.16024166345596313,"85":-0.2769520580768585,"86":-0.11601254343986511,"87":-0.051566001027822495,"88":0.3633740544319153,"89":0.4206082224845886,"90":0.2694973647594452,"91":-0.7674220204353333,"92":-0.03478699177503586,"93":0.20070965588092804,"94":0.2030215859413147,"95":-0.09664904326200485,"96":-0.8801159858703613,"97":0.5607318878173828,"98":-0.5884925723075867,"99":-0.868821382522583}},"forgetBias":{"rows":10,"columns":1,"weights":{"0":0,"1":0,"2":0,"3":0,"4":0,"5":0,"6":0,"7":0,"8":0,"9":0}},"outputMatrix":{"rows":10,"columns":1,"weights":{"0":-0.7884195446968079,"1":0.29050806164741516,"2":1.0378224849700928,"3":-0.6914820671081543,"4":-0.6592284440994263,"5":1.3436033725738525,"6":0.4451260566711426,"7":0.3930709958076477,"8":0.7474449872970581,"9":-0.12147121131420135}},"outputHidden":{"rows":10,"columns":10,"weights":{"0":0.1065625548362732,"1":0.22293628752231598,"2":-0.5767309069633484,"3":0.3803652226924896,"4":0.48245564103126526,"5":0.04159170016646385,"6":0.5199224352836609,"7":-0.33054396510124207,"8":0.26481860876083374,"9":-0.15569274127483368,"10":0.019290687516331673,"11":-0.20366811752319336,"12":0.1828281432390213,"13":-0.18101854622364044,"14":-0.16388581693172455,"15":0.5574512481689453,"16":-0.18223637342453003,"17":0.14657744765281677,"18":-0.13118618726730347,"19":0.37120065093040466,"20":-0.4652145504951477,"21":0.6547625064849854,"22":-0.12118124961853027,"23":-0.7396619319915771,"24":-0.5775606632232666,"25":0.09212285280227661,"26":0.15012261271476746,"27":-0.42656242847442627,"28":0.49997615814208984,"29":-0.5600470304489136,"30":0.4649214744567871,"31":0.006635608617216349,"32":-0.15149059891700745,"33":0.4374811053276062,"34":0.46708518266677856,"35":-0.01908785104751587,"36":-0.004601921420544386,"37":-0.04294572025537491,"38":0.06983265280723572,"39":-0.5718029737472534,"40":0.5061414837837219,"41":0.1398778110742569,"42":-0.3039243519306183,"43":0.5644981861114502,"44":0.5943698883056641,"45":-0.0009549926617182791,"46":-0.021505767479538918,"47":-0.11756067723035812,"48":0.13681147992610931,"49":-0.5687337517738342,"50":-1.2856637239456177,"51":0.4797005355358124,"52":-0.2909974455833435,"53":-0.8359143733978271,"54":-0.8062494397163391,"55":-0.2138206511735916,"56":0.4953329861164093,